feature,importance
rainfall,0.22484389756769857
humidity,0.22317612622583818
K,0.18876834123690375
P,0.1627277196913529
N,0.10658632076998577
temperature,0.06715970743747125
ph,0.026737887070749554
